{"cameraMode":{"drawMode":0,"name":"Shaded","section":"Shading Mode"},"sceneLighting":false,"audioPlay":false,"sceneViewState":{"m_AlwaysRefresh":false,"showFog":true,"showSkybox":false,"showFlares":true,"showImageEffects":true,"showParticleSystems":true,"showVisualEffectGraphs":true,"m_FxEnabled":true},"in2DMode":false,"pivot":{"x":-0.8206270933151245,"y":0.0890277624130249,"z":-0.031646132469177249},"rotation":{"x":0.11885206401348114,"y":0.8804607391357422,"z":-0.3054181933403015,"w":0.34262219071388247},"size":0.43409135937690737,"orthographic":false}