{"cameraMode":{"drawMode":0,"name":"Shaded","section":"Shading Mode"},"sceneLighting":false,"audioPlay":false,"sceneViewState":{"m_AlwaysRefresh":false,"showFog":true,"showSkybox":false,"showFlares":true,"showImageEffects":true,"showParticleSystems":true,"showVisualEffectGraphs":true,"m_FxEnabled":true},"in2DMode":false,"pivot":{"x":-0.5672688484191895,"y":0.3278947174549103,"z":0.4740924835205078},"rotation":{"x":0.008249404840171337,"y":-0.8995040059089661,"z":0.017001131549477578,"w":0.4365038573741913},"size":1.1820237636566163,"orthographic":false}