{"cameraMode":{"drawMode":0,"name":"Shaded","section":"Shading Mode"},"sceneLighting":false,"audioPlay":false,"sceneViewState":{"m_AlwaysRefresh":false,"showFog":true,"showSkybox":false,"showFlares":true,"showImageEffects":true,"showParticleSystems":true,"showVisualEffectGraphs":true,"m_FxEnabled":true},"in2DMode":false,"pivot":{"x":-1.887342095375061,"y":0.7522730231285095,"z":6.793783187866211},"rotation":{"x":0.007071535103023052,"y":0.9925439953804016,"z":-0.07098650187253952,"w":0.09888048470020294},"size":2.9437379837036135,"orthographic":false}