{"cameraMode":{"drawMode":0,"name":"Shaded","section":"Shading Mode"},"sceneLighting":true,"audioPlay":false,"sceneViewState":{"m_AlwaysRefresh":false,"showFog":true,"showSkybox":true,"showFlares":true,"showImageEffects":true,"showParticleSystems":true,"showVisualEffectGraphs":true,"m_FxEnabled":true},"in2DMode":false,"pivot":{"x":-0.2661271095275879,"y":1.1447877883911133,"z":-6.972379684448242},"rotation":{"x":0.2347710281610489,"y":-0.08444283902645111,"z":0.020478205755352975,"w":0.9681665897369385},"size":24.538515090942384,"orthographic":false}