{"cameraMode":{"drawMode":0,"name":"Shaded","section":"Shading Mode"},"sceneLighting":false,"audioPlay":false,"sceneViewState":{"m_AlwaysRefresh":false,"showFog":true,"showSkybox":false,"showFlares":true,"showImageEffects":true,"showParticleSystems":true,"showVisualEffectGraphs":true,"m_FxEnabled":true},"in2DMode":false,"pivot":{"x":-0.35965362191200259,"y":0.8647173047065735,"z":-0.5532717704772949},"rotation":{"x":0.04346383735537529,"y":0.20239003002643586,"z":-0.008991104550659657,"w":0.9783045053482056},"size":1.2869962453842164,"orthographic":false}